AA Labs 1,aalabs1.com,8,CEO - Alpha One,contact@aalabs1.com,,Research,Medium
BB Labs 2,bblabs2.com,12,CEO - Beta Two,hello@bblabs2.com,,Research,Medium
CC Labs 3,cclabs3.com,6,CEO - Gamma Three,info@cclabs3.com,,Research,Medium
DD Labs 4,ddlabs4.com,10,CEO - Delta Four,contact@ddlabs4.com,,Research,Medium
EE Labs 5,eelabs5.com,5,CEO - Epsilon Five,hello@eelabs5.com,,Research,Medium
FF Labs 6,fflabs6.com,15,CEO - Zeta Six,info@fflabs6.com,,Research,Medium
GG Labs 7,gglabs7.com,9,CEO - Eta Seven,contact@gglabs7.com,,Research,Medium
HH Labs 8,hhlabs8.com,7,CEO - Theta Eight,hello@hhlabs8.com,,Research,Medium
II Labs 9,iilabs9.com,11,CEO - Iota Nine,info@iilabs9.com,,Research,Medium
JJ Labs 10,jjlabs10.com,8,CEO - Kappa Ten,contact@jjlabs10.com,,Research,Medium
KK Labs 11,kklabs11.com,6,CEO - Lambda Eleven,hello@kklabs11.com,,Research,Medium
LL Labs 12,lllabs12.com,13,CEO - Mu Twelve,info@lllabs12.com,,Research,Medium
MM Labs 13,mmlabs13.com,10,CEO - Nu Thirteen,contact@mmlabs13.com,,Research,Medium
NN Labs 14,nnlabs14.com,5,CEO - Xi Fourteen,hello@nnlabs14.com,,Research,Medium
OO Labs 15,oolabs15.com,9,CEO - Omicron Fifteen,info@oolabs15.com,,Research,Medium
PP Labs 16,pplabs16.com,7,CEO - Pi Sixteen,contact@pplabs16.com,,Research,Medium
QQ Labs 17,qqlabs17.com,12,CEO - Rho Seventeen,hello@qqlabs17.com,,Research,Medium
RR Labs 18,rrlabs18.com,8,CEO - Sigma Eighteen,info@rrlabs18.com,,Research,Medium
SS Labs 19,sslabs19.com,10,CEO - Tau Nineteen,contact@sslabs19.com,,Research,Medium
TT Labs 20,ttlabs20.com,6,CEO - Upsilon Twenty,hello@ttlabs20.com,,Research,Medium
UU Labs 21,uulabs21.com,9,CEO - Phi Twenty-One,info@uulabs21.com,,Research,Medium
VV Labs 22,vvlabs22.com,7,CEO - Chi Twenty-Two,contact@vvlabs22.com,,Research,Medium
WW Labs 23,wwlabs23.com,14,CEO - Psi Twenty-Three,hello@wwlabs23.com,,Research,Medium
XX Labs 24,xxlabs24.com,8,CEO - Omega Twenty-Four,info@xxlabs24.com,,Research,Medium
YY Labs 25,yylabs25.com,10,CEO - Alpha Twenty-Five,contact@yylabs25.com,,Research,Medium
ZZ Labs 26,zzlabs26.com,6,CEO - Beta Twenty-Six,hello@zzlabs26.com,,Research,Medium
AAA Labs 27,aaalabs27.com,9,CEO - Gamma Twenty-Seven,info@aaalabs27.com,,Research,Medium
BBB Labs 28,bbblabs28.com,8,CEO - Delta Twenty-Eight,contact@bbblabs28.com,,Research,Medium
CCC Labs 29,ccclabs29.com,12,CEO - Epsilon Twenty-Nine,hello@ccclabs29.com,,Research,Medium
DDD Labs 30,dddlabs30.com,7,CEO - Zeta Thirty,info@dddlabs30.com,,Research,Medium
EEE Labs 31,eeelabs31.com,11,CEO - Eta Thirty-One,contact@eeelabs31.com,,Research,Medium
FFF Labs 32,ffflabs32.com,9,CEO - Theta Thirty-Two,hello@ffflabs32.com,,Research,Medium
GGG Labs 33,ggglabs33.com,7,CEO - Iota Thirty-Three,info@ggglabs33.com,,Research,Medium
HHH Labs 34,hhhlabs34.com,13,CEO - Kappa Thirty-Four,contact@hhhlabs34.com,,Research,Medium
III Labs 35,iiilabs35.com,10,CEO - Lambda Thirty-Five,hello@iiilabs35.com,,Research,Medium
JJJ Labs 36,jjjlabs36.com,6,CEO - Mu Thirty-Six,info@jjjlabs36.com,,Research,Medium
KKK Labs 37,kkklabs37.com,9,CEO - Nu Thirty-Seven,contact@kkklabs37.com,,Research,Medium
LLL Labs 38,llllabs38.com,8,CEO - Xi Thirty-Eight,hello@llllabs38.com,,Research,Medium
MMM Labs 39,mmmlabs39.com,12,CEO - Omicron Thirty-Nine,info@mmmlabs39.com,,Research,Medium
NNN Labs 40,nnnlabs40.com,7,CEO - Pi Forty,contact@nnnlabs40.com,,Research,Medium
OOO Labs 41,ooolabs41.com,11,CEO - Rho Forty-One,hello@ooolabs41.com,,Research,Medium
PPP Labs 42,ppplabs42.com,9,CEO - Sigma Forty-Two,info@ppplabs42.com,,Research,Medium
QQQ Labs 43,qqqlabs43.com,7,CEO - Tau Forty-Three,contact@qqqlabs43.com,,Research,Medium
RRR Labs 44,rrrlabs44.com,14,CEO - Upsilon Forty-Four,hello@rrrlabs44.com,,Research,Medium
SSS Labs 45,ssslabs45.com,8,CEO - Phi Forty-Five,info@ssslabs45.com,,Research,Medium
TTT Labs 46,tttlabs46.com,10,CEO - Chi Forty-Six,contact@tttlabs46.com,,Research,Medium
UUU Labs 47,uuulabs47.com,6,CEO - Psi Forty-Seven,hello@uuulabs47.com,,Research,Medium
VVV Labs 48,vvvlabs48.com,9,CEO - Omega Forty-Eight,info@vvvlabs48.com,,Research,Medium
WWW Labs 49,wwwlabs49.com,8,CEO - Alpha Forty-Nine,contact@wwwlabs49.com,,Research,Medium
XXX Labs 50,xxxlabs50.com,12,CEO - Beta Fifty,hello@xxxlabs50.com,,Research,Medium
YYY Labs 51,yyylabs51.com,7,CEO - Gamma Fifty-One,info@yyylabs51.com,,Research,Medium
ZZZ Labs 52,zzzlabs52.com,11,CEO - Delta Fifty-Two,contact@zzzlabs52.com,,Research,Medium
AAAA Labs 53,aaaalabs53.com,9,CEO - Epsilon Fifty-Three,hello@aaaalabs53.com,,Research,Medium
BBBB Labs 54,bbbblabs54.com,7,CEO - Zeta Fifty-Four,info@bbbblabs54.com,,Research,Medium
CCCC Labs 55,cccclabs55.com,13,CEO - Eta Fifty-Five,contact@cccclabs55.com,,Research,Medium
DDDD Labs 56,ddddlabs56.com,10,CEO - Theta Fifty-Six,hello@ddddlabs56.com,,Research,Medium
EEEE Labs 57,eeeelabs57.com,6,CEO - Iota Fifty-Seven,info@eeeelabs57.com,,Research,Medium
FFFF Labs 58,fffflabs58.com,9,CEO - Kappa Fifty-Eight,contact@fffflabs58.com,,Research,Medium
GGGG Labs 59,gggglabs59.com,8,CEO - Lambda Fifty-Nine,hello@gggglabs59.com,,Research,Medium
HHHH Labs 60,hhhhlabs60.com,12,CEO - Mu Sixty,info@hhhhlabs60.com,,Research,Medium
IIII Labs 61,iiiilabs61.com,7,CEO - Nu Sixty-One,contact@iiiilabs61.com,,Research,Medium
JJJJ Labs 62,jjjjlabs62.com,11,CEO - Xi Sixty-Two,hello@jjjjlabs62.com,,Research,Medium
KKKK Labs 63,kkkklabs63.com,9,CEO - Omicron Sixty-Three,info@kkkklabs63.com,,Research,Medium
LLLL Labs 64,lllllabs64.com,7,CEO - Pi Sixty-Four,contact@lllllabs64.com,,Research,Medium
MMMM Labs 65,mmmmlabs65.com,14,CEO - Rho Sixty-Five,hello@mmmmlabs65.com,,Research,Medium
NNNN Labs 66,nnnnlabs66.com,8,CEO - Sigma Sixty-Six,info@nnnnlabs66.com,,Research,Medium
OOOO Labs 67,ooooolabs67.com,10,CEO - Tau Sixty-Seven,contact@ooooolabs67.com,,Research,Medium
PPPP Labs 68,pppplabs68.com,6,CEO - Upsilon Sixty-Eight,hello@pppplabs68.com,,Research,Medium
QQQQ Labs 69,qqqqlabs69.com,9,CEO - Phi Sixty-Nine,info@qqqqlabs69.com,,Research,Medium
RRRR Labs 70,rrrrlabs70.com,8,CEO - Chi Seventy,contact@rrrrlabs70.com,,Research,Medium
SSSS Labs 71,sssslabs71.com,12,CEO - Psi Seventy-One,hello@sssslabs71.com,,Research,Medium
TTTT Labs 72,ttttlabs72.com,7,CEO - Omega Seventy-Two,info@ttttlabs72.com,,Research,Medium
UUUU Labs 73,uuuulabs73.com,11,CEO - Alpha Seventy-Three,contact@uuuulabs73.com,,Research,Medium
VVVV Labs 74,vvvvlabs74.com,9,CEO - Beta Seventy-Four,hello@vvvvlabs74.com,,Research,Medium
WWWW Labs 75,wwwwlabs75.com,7,CEO - Gamma Seventy-Five,info@wwwwlabs75.com,,Research,Medium
XXXX Labs 76,xxxxlabs76.com,13,CEO - Delta Seventy-Six,contact@xxxxlabs76.com,,Research,Medium
YYYY Labs 77,yyyylabs77.com,10,CEO - Epsilon Seventy-Seven,hello@yyyylabs77.com,,Research,Medium
ZZZZ Labs 78,zzzzlabs78.com,6,CEO - Zeta Seventy-Eight,info@zzzzlabs78.com,,Research,Medium
AAAAA Labs 79,aaaaalabs79.com,9,CEO - Eta Seventy-Nine,contact@aaaaalabs79.com,,Research,Medium
BBBBB Labs 80,bbbbblabs80.com,8,CEO - Theta Eighty,hello@bbbbblabs80.com,,Research,Medium
CCCCC Labs 81,ccccclabs81.com,12,CEO - Iota Eighty-One,info@ccccclabs81.com,,Research,Medium
DDDDD Labs 82,dddddlabs82.com,7,CEO - Kappa Eighty-Two,contact@dddddlabs82.com,,Research,Medium
EEEEE Labs 83,eeeeelabs83.com,11,CEO - Lambda Eighty-Three,hello@eeeeelabs83.com,,Research,Medium
FFFFF Labs 84,ffffflabs84.com,9,CEO - Mu Eighty-Four,info@ffffflabs84.com,,Research,Medium
GGGGG Labs 85,ggggglabs85.com,7,CEO - Nu Eighty-Five,contact@ggggglabs85.com,,Research,Medium
HHHHH Labs 86,hhhhhlabs86.com,14,CEO - Xi Eighty-Six,hello@hhhhhlabs86.com,,Research,Medium
IIIII Labs 87,iiiiilabs87.com,8,CEO - Omicron Eighty-Seven,info@iiiiilabs87.com,,Research,Medium
JJJJJ Labs 88,jjjjjlabs88.com,10,CEO - Pi Eighty-Eight,contact@jjjjjlabs88.com,,Research,Medium
KKKKK Labs 89,kkkkklabs89.com,6,CEO - Rho Eighty-Nine,hello@kkkkklabs89.com,,Research,Medium
LLLLL Labs 90,llllllabs90.com,9,CEO - Sigma Ninety,info@llllllabs90.com,,Research,Medium
MMMMM Labs 91,mmmmmlabs91.com,8,CEO - Tau Ninety-One,contact@mmmmmlabs91.com,,Research,Medium
NNNNN Labs 92,nnnnnlabs92.com,12,CEO - Upsilon Ninety-Two,hello@nnnnnlabs92.com,,Research,Medium
OOOOO Labs 93,oooooolabs93.com,7,CEO - Phi Ninety-Three,info@oooooolabs93.com,,Research,Medium
PPPPP Labs 94,ppppplabs94.com,11,CEO - Chi Ninety-Four,contact@ppppplabs94.com,,Research,Medium
QQQQQ Labs 95,qqqqqlabs95.com,9,CEO - Psi Ninety-Five,hello@qqqqqlabs95.com,,Research,Medium
RRRRR Labs 96,rrrrrlabs96.com,7,CEO - Omega Ninety-Six,info@rrrrrlabs96.com,,Research,Medium
SSSSS Labs 97,ssssslabs97.com,13,CEO - Alpha Ninety-Seven,contact@ssssslabs97.com,,Research,Medium
TTTTT Labs 98,tttttlabs98.com,10,CEO - Beta Ninety-Eight,hello@tttttlabs98.com,,Research,Medium
UUUUU Labs 99,uuuuulabs99.com,6,CEO - Gamma Ninety-Nine,info@uuuuulabs99.com,,Research,Medium
VVVVV Labs 100,vvvvvlabs100.com,9,CEO - Delta One Hundred,contact@vvvvvlabs100.com,,Research,Medium
Extra Labs 1,extralabs1.com,8,CEO - Extra One,contact@extralabs1.com,,Research,Medium
Extra Labs 2,extralabs2.com,12,CEO - Extra Two,hello@extralabs2.com,,Research,Medium
Extra Labs 3,extralabs3.com,6,CEO - Extra Three,info@extralabs3.com,,Research,Medium
Extra Labs 4,extralabs4.com,10,CEO - Extra Four,contact@extralabs4.com,,Research,Medium
Extra Labs 5,extralabs5.com,5,CEO - Extra Five,hello@extralabs5.com,,Research,Medium
Extra Labs 6,extralabs6.com,15,CEO - Extra Six,info@extralabs6.com,,Research,Medium
Extra Labs 7,extralabs7.com,9,CEO - Extra Seven,contact@extralabs7.com,,Research,Medium
Extra Labs 8,extralabs8.com,7,CEO - Extra Eight,hello@extralabs8.com,,Research,Medium
Extra Labs 9,extralabs9.com,11,CEO - Extra Nine,info@extralabs9.com,,Research,Medium
Extra Labs 10,extralabs10.com,8,CEO - Extra Ten,contact@extralabs10.com,,Research,Medium
Extra Labs 11,extralabs11.com,6,CEO - Extra Eleven,hello@extralabs11.com,,Research,Medium
Extra Labs 12,extralabs12.com,13,CEO - Extra Twelve,info@extralabs12.com,,Research,Medium
Extra Labs 13,extralabs13.com,10,CEO - Extra Thirteen,contact@extralabs13.com,,Research,Medium
Extra Labs 14,extralabs14.com,5,CEO - Extra Fourteen,hello@extralabs14.com,,Research,Medium
Extra Labs 15,extralabs15.com,9,CEO - Extra Fifteen,info@extralabs15.com,,Research,Medium
Extra Labs 16,extralabs16.com,7,CEO - Extra Sixteen,contact@extralabs16.com,,Research,Medium
Extra Labs 17,extralabs17.com,12,CEO - Extra Seventeen,hello@extralabs17.com,,Research,Medium
Extra Labs 18,extralabs18.com,8,CEO - Extra Eighteen,info@extralabs18.com,,Research,Medium
Extra Labs 19,extralabs19.com,10,CEO - Extra Nineteen,contact@extralabs19.com,,Research,Medium
Extra Labs 20,extralabs20.com,6,CEO - Extra Twenty,hello@extralabs20.com,,Research,Medium
Extra Labs 21,extralabs21.com,9,CEO - Extra Twenty-One,info@extralabs21.com,,Research,Medium
Extra Labs 22,extralabs22.com,7,CEO - Extra Twenty-Two,contact@extralabs22.com,,Research,Medium
Extra Labs 23,extralabs23.com,14,CEO - Extra Twenty-Three,hello@extralabs23.com,,Research,Medium
Extra Labs 24,extralabs24.com,8,CEO - Extra Twenty-Four,info@extralabs24.com,,Research,Medium
Extra Labs 25,extralabs25.com,10,CEO - Extra Twenty-Five,contact@extralabs25.com,,Research,Medium
Extra Labs 26,extralabs26.com,6,CEO - Extra Twenty-Six,hello@extralabs26.com,,Research,Medium
Extra Labs 27,extralabs27.com,9,CEO - Extra Twenty-Seven,info@extralabs27.com,,Research,Medium
Extra Labs 28,extralabs28.com,8,CEO - Extra Twenty-Eight,contact@extralabs28.com,,Research,Medium
Extra Labs 29,extralabs29.com,12,CEO - Extra Twenty-Nine,hello@extralabs29.com,,Research,Medium
Extra Labs 30,extralabs30.com,7,CEO - Extra Thirty,info@extralabs30.com,,Research,Medium
Extra Labs 31,extralabs31.com,11,CEO - Extra Thirty-One,contact@extralabs31.com,,Research,Medium
Extra Labs 32,extralabs32.com,9,CEO - Extra Thirty-Two,hello@extralabs32.com,,Research,Medium
Starter Prospect 132,starterprospect132.com,5,CEO - Manager 132,contact@starterprospect132.com,,Research,Medium
Starter Prospect 133,starterprospect133.com,6,CEO - Manager 133,contact@starterprospect133.com,,Research,Medium
Starter Prospect 134,starterprospect134.com,7,CEO - Manager 134,contact@starterprospect134.com,,Research,Medium
Starter Prospect 135,starterprospect135.com,8,CEO - Manager 135,contact@starterprospect135.com,,Research,Medium
Starter Prospect 136,starterprospect136.com,9,CEO - Manager 136,contact@starterprospect136.com,,Research,Medium
Starter Prospect 137,starterprospect137.com,10,CEO - Manager 137,contact@starterprospect137.com,,Research,Medium
Starter Prospect 138,starterprospect138.com,11,CEO - Manager 138,contact@starterprospect138.com,,Research,Medium
Starter Prospect 139,starterprospect139.com,12,CEO - Manager 139,contact@starterprospect139.com,,Research,Medium
Starter Prospect 140,starterprospect140.com,13,CEO - Manager 140,contact@starterprospect140.com,,Research,Medium
Starter Prospect 141,starterprospect141.com,14,CEO - Manager 141,contact@starterprospect141.com,,Research,Medium
Starter Prospect 142,starterprospect142.com,15,CEO - Manager 142,contact@starterprospect142.com,,Research,Medium
Starter Prospect 143,starterprospect143.com,5,CEO - Manager 143,contact@starterprospect143.com,,Research,Medium
Starter Prospect 144,starterprospect144.com,6,CEO - Manager 144,contact@starterprospect144.com,,Research,Medium
Starter Prospect 145,starterprospect145.com,7,CEO - Manager 145,contact@starterprospect145.com,,Research,Medium
Starter Prospect 146,starterprospect146.com,8,CEO - Manager 146,contact@starterprospect146.com,,Research,Medium
Starter Prospect 147,starterprospect147.com,9,CEO - Manager 147,contact@starterprospect147.com,,Research,Medium
Starter Prospect 148,starterprospect148.com,10,CEO - Manager 148,contact@starterprospect148.com,,Research,Medium
Starter Prospect 149,starterprospect149.com,11,CEO - Manager 149,contact@starterprospect149.com,,Research,Medium
Starter Prospect 150,starterprospect150.com,12,CEO - Manager 150,contact@starterprospect150.com,,Research,Medium
Starter Prospect 151,starterprospect151.com,13,CEO - Manager 151,contact@starterprospect151.com,,Research,Medium
Starter Prospect 152,starterprospect152.com,14,CEO - Manager 152,contact@starterprospect152.com,,Research,Medium
Starter Prospect 153,starterprospect153.com,15,CEO - Manager 153,contact@starterprospect153.com,,Research,Medium
Starter Prospect 154,starterprospect154.com,5,CEO - Manager 154,contact@starterprospect154.com,,Research,Medium
Starter Prospect 155,starterprospect155.com,6,CEO - Manager 155,contact@starterprospect155.com,,Research,Medium
Starter Prospect 156,starterprospect156.com,7,CEO - Manager 156,contact@starterprospect156.com,,Research,Medium
Starter Prospect 157,starterprospect157.com,8,CEO - Manager 157,contact@starterprospect157.com,,Research,Medium
Starter Prospect 158,starterprospect158.com,9,CEO - Manager 158,contact@starterprospect158.com,,Research,Medium
Starter Prospect 159,starterprospect159.com,10,CEO - Manager 159,contact@starterprospect159.com,,Research,Medium
Starter Prospect 160,starterprospect160.com,11,CEO - Manager 160,contact@starterprospect160.com,,Research,Medium
Starter Prospect 161,starterprospect161.com,12,CEO - Manager 161,contact@starterprospect161.com,,Research,Medium
Starter Prospect 162,starterprospect162.com,13,CEO - Manager 162,contact@starterprospect162.com,,Research,Medium
Starter Prospect 163,starterprospect163.com,14,CEO - Manager 163,contact@starterprospect163.com,,Research,Medium
Starter Prospect 164,starterprospect164.com,15,CEO - Manager 164,contact@starterprospect164.com,,Research,Medium
Starter Prospect 165,starterprospect165.com,5,CEO - Manager 165,contact@starterprospect165.com,,Research,Medium
Starter Prospect 166,starterprospect166.com,6,CEO - Manager 166,contact@starterprospect166.com,,Research,Medium
Starter Prospect 167,starterprospect167.com,7,CEO - Manager 167,contact@starterprospect167.com,,Research,Medium
Starter Prospect 168,starterprospect168.com,8,CEO - Manager 168,contact@starterprospect168.com,,Research,Medium
Starter Prospect 169,starterprospect169.com,9,CEO - Manager 169,contact@starterprospect169.com,,Research,Medium
Starter Prospect 170,starterprospect170.com,10,CEO - Manager 170,contact@starterprospect170.com,,Research,Medium
Starter Prospect 171,starterprospect171.com,11,CEO - Manager 171,contact@starterprospect171.com,,Research,Medium
Starter Prospect 172,starterprospect172.com,12,CEO - Manager 172,contact@starterprospect172.com,,Research,Medium
Starter Prospect 173,starterprospect173.com,13,CEO - Manager 173,contact@starterprospect173.com,,Research,Medium
Starter Prospect 174,starterprospect174.com,14,CEO - Manager 174,contact@starterprospect174.com,,Research,Medium
Starter Prospect 175,starterprospect175.com,15,CEO - Manager 175,contact@starterprospect175.com,,Research,Medium
Starter Prospect 176,starterprospect176.com,5,CEO - Manager 176,contact@starterprospect176.com,,Research,Medium
Starter Prospect 177,starterprospect177.com,6,CEO - Manager 177,contact@starterprospect177.com,,Research,Medium
Starter Prospect 178,starterprospect178.com,7,CEO - Manager 178,contact@starterprospect178.com,,Research,Medium
Starter Prospect 179,starterprospect179.com,8,CEO - Manager 179,contact@starterprospect179.com,,Research,Medium
Starter Prospect 180,starterprospect180.com,9,CEO - Manager 180,contact@starterprospect180.com,,Research,Medium
Starter Prospect 181,starterprospect181.com,10,CEO - Manager 181,contact@starterprospect181.com,,Research,Medium
Starter Prospect 182,starterprospect182.com,11,CEO - Manager 182,contact@starterprospect182.com,,Research,Medium
Starter Prospect 183,starterprospect183.com,12,CEO - Manager 183,contact@starterprospect183.com,,Research,Medium
Starter Prospect 184,starterprospect184.com,13,CEO - Manager 184,contact@starterprospect184.com,,Research,Medium
Starter Prospect 185,starterprospect185.com,14,CEO - Manager 185,contact@starterprospect185.com,,Research,Medium
Starter Prospect 186,starterprospect186.com,15,CEO - Manager 186,contact@starterprospect186.com,,Research,Medium
Starter Prospect 187,starterprospect187.com,5,CEO - Manager 187,contact@starterprospect187.com,,Research,Medium
Starter Prospect 188,starterprospect188.com,6,CEO - Manager 188,contact@starterprospect188.com,,Research,Medium
Starter Prospect 189,starterprospect189.com,7,CEO - Manager 189,contact@starterprospect189.com,,Research,Medium
Starter Prospect 190,starterprospect190.com,8,CEO - Manager 190,contact@starterprospect190.com,,Research,Medium
Starter Prospect 191,starterprospect191.com,9,CEO - Manager 191,contact@starterprospect191.com,,Research,Medium
Starter Prospect 192,starterprospect192.com,10,CEO - Manager 192,contact@starterprospect192.com,,Research,Medium
Starter Prospect 193,starterprospect193.com,11,CEO - Manager 193,contact@starterprospect193.com,,Research,Medium
Starter Prospect 194,starterprospect194.com,12,CEO - Manager 194,contact@starterprospect194.com,,Research,Medium
Starter Prospect 195,starterprospect195.com,13,CEO - Manager 195,contact@starterprospect195.com,,Research,Medium
Starter Prospect 196,starterprospect196.com,14,CEO - Manager 196,contact@starterprospect196.com,,Research,Medium
Starter Prospect 197,starterprospect197.com,15,CEO - Manager 197,contact@starterprospect197.com,,Research,Medium
Starter Prospect 198,starterprospect198.com,5,CEO - Manager 198,contact@starterprospect198.com,,Research,Medium
Starter Prospect 199,starterprospect199.com,6,CEO - Manager 199,contact@starterprospect199.com,,Research,Medium
Starter Prospect 200,starterprospect200.com,7,CEO - Manager 200,contact@starterprospect200.com,,Research,Medium
Starter Prospect 201,starterprospect201.com,8,CEO - Manager 201,contact@starterprospect201.com,,Research,Medium
Starter Prospect 202,starterprospect202.com,9,CEO - Manager 202,contact@starterprospect202.com,,Research,Medium
Starter Prospect 203,starterprospect203.com,10,CEO - Manager 203,contact@starterprospect203.com,,Research,Medium
Starter Prospect 204,starterprospect204.com,11,CEO - Manager 204,contact@starterprospect204.com,,Research,Medium
Starter Prospect 205,starterprospect205.com,12,CEO - Manager 205,contact@starterprospect205.com,,Research,Medium
Starter Prospect 206,starterprospect206.com,13,CEO - Manager 206,contact@starterprospect206.com,,Research,Medium
Starter Prospect 207,starterprospect207.com,14,CEO - Manager 207,contact@starterprospect207.com,,Research,Medium
Starter Prospect 208,starterprospect208.com,15,CEO - Manager 208,contact@starterprospect208.com,,Research,Medium
Starter Prospect 209,starterprospect209.com,5,CEO - Manager 209,contact@starterprospect209.com,,Research,Medium
Starter Prospect 210,starterprospect210.com,6,CEO - Manager 210,contact@starterprospect210.com,,Research,Medium
Starter Prospect 211,starterprospect211.com,7,CEO - Manager 211,contact@starterprospect211.com,,Research,Medium
Starter Prospect 212,starterprospect212.com,8,CEO - Manager 212,contact@starterprospect212.com,,Research,Medium
Starter Prospect 213,starterprospect213.com,9,CEO - Manager 213,contact@starterprospect213.com,,Research,Medium
Starter Prospect 214,starterprospect214.com,10,CEO - Manager 214,contact@starterprospect214.com,,Research,Medium
Starter Prospect 215,starterprospect215.com,11,CEO - Manager 215,contact@starterprospect215.com,,Research,Medium
Starter Prospect 216,starterprospect216.com,12,CEO - Manager 216,contact@starterprospect216.com,,Research,Medium
Starter Prospect 217,starterprospect217.com,13,CEO - Manager 217,contact@starterprospect217.com,,Research,Medium
Starter Prospect 218,starterprospect218.com,14,CEO - Manager 218,contact@starterprospect218.com,,Research,Medium
Starter Prospect 219,starterprospect219.com,15,CEO - Manager 219,contact@starterprospect219.com,,Research,Medium
Starter Prospect 220,starterprospect220.com,5,CEO - Manager 220,contact@starterprospect220.com,,Research,Medium
Starter Prospect 221,starterprospect221.com,6,CEO - Manager 221,contact@starterprospect221.com,,Research,Medium
Starter Prospect 222,starterprospect222.com,7,CEO - Manager 222,contact@starterprospect222.com,,Research,Medium
Starter Prospect 223,starterprospect223.com,8,CEO - Manager 223,contact@starterprospect223.com,,Research,Medium
Starter Prospect 224,starterprospect224.com,9,CEO - Manager 224,contact@starterprospect224.com,,Research,Medium
Starter Prospect 225,starterprospect225.com,10,CEO - Manager 225,contact@starterprospect225.com,,Research,Medium
Starter Prospect 226,starterprospect226.com,11,CEO - Manager 226,contact@starterprospect226.com,,Research,Medium
Starter Prospect 227,starterprospect227.com,12,CEO - Manager 227,contact@starterprospect227.com,,Research,Medium
Starter Prospect 228,starterprospect228.com,13,CEO - Manager 228,contact@starterprospect228.com,,Research,Medium
Starter Prospect 229,starterprospect229.com,14,CEO - Manager 229,contact@starterprospect229.com,,Research,Medium
Starter Prospect 230,starterprospect230.com,15,CEO - Manager 230,contact@starterprospect230.com,,Research,Medium
Starter Prospect 231,starterprospect231.com,5,CEO - Manager 231,contact@starterprospect231.com,,Research,Medium
Starter Prospect 232,starterprospect232.com,6,CEO - Manager 232,contact@starterprospect232.com,,Research,Medium
Starter Prospect 233,starterprospect233.com,7,CEO - Manager 233,contact@starterprospect233.com,,Research,Medium
Starter Prospect 234,starterprospect234.com,8,CEO - Manager 234,contact@starterprospect234.com,,Research,Medium
Starter Prospect 235,starterprospect235.com,9,CEO - Manager 235,contact@starterprospect235.com,,Research,Medium
Starter Prospect 236,starterprospect236.com,10,CEO - Manager 236,contact@starterprospect236.com,,Research,Medium
Starter Prospect 237,starterprospect237.com,11,CEO - Manager 237,contact@starterprospect237.com,,Research,Medium
Starter Prospect 238,starterprospect238.com,12,CEO - Manager 238,contact@starterprospect238.com,,Research,Medium
Starter Prospect 239,starterprospect239.com,13,CEO - Manager 239,contact@starterprospect239.com,,Research,Medium
Starter Prospect 240,starterprospect240.com,14,CEO - Manager 240,contact@starterprospect240.com,,Research,Medium
Starter Prospect 241,starterprospect241.com,15,CEO - Manager 241,contact@starterprospect241.com,,Research,Medium
Starter Prospect 242,starterprospect242.com,5,CEO - Manager 242,contact@starterprospect242.com,,Research,Medium
Starter Prospect 243,starterprospect243.com,6,CEO - Manager 243,contact@starterprospect243.com,,Research,Medium
Starter Prospect 244,starterprospect244.com,7,CEO - Manager 244,contact@starterprospect244.com,,Research,Medium
Starter Prospect 245,starterprospect245.com,8,CEO - Manager 245,contact@starterprospect245.com,,Research,Medium
Starter Prospect 246,starterprospect246.com,9,CEO - Manager 246,contact@starterprospect246.com,,Research,Medium
Starter Prospect 247,starterprospect247.com,10,CEO - Manager 247,contact@starterprospect247.com,,Research,Medium
Starter Prospect 248,starterprospect248.com,11,CEO - Manager 248,contact@starterprospect248.com,,Research,Medium
Starter Prospect 249,starterprospect249.com,12,CEO - Manager 249,contact@starterprospect249.com,,Research,Medium
Starter Prospect 250,starterprospect250.com,13,CEO - Manager 250,contact@starterprospect250.com,,Research,Medium
Starter Prospect 251,starterprospect251.com,14,CEO - Manager 251,contact@starterprospect251.com,,Research,Medium
Starter Prospect 252,starterprospect252.com,15,CEO - Manager 252,contact@starterprospect252.com,,Research,Medium
Starter Prospect 253,starterprospect253.com,5,CEO - Manager 253,contact@starterprospect253.com,,Research,Medium
Starter Prospect 254,starterprospect254.com,6,CEO - Manager 254,contact@starterprospect254.com,,Research,Medium
Starter Prospect 255,starterprospect255.com,7,CEO - Manager 255,contact@starterprospect255.com,,Research,Medium
Starter Prospect 256,starterprospect256.com,8,CEO - Manager 256,contact@starterprospect256.com,,Research,Medium
Starter Prospect 257,starterprospect257.com,9,CEO - Manager 257,contact@starterprospect257.com,,Research,Medium
Starter Prospect 258,starterprospect258.com,10,CEO - Manager 258,contact@starterprospect258.com,,Research,Medium
Starter Prospect 259,starterprospect259.com,11,CEO - Manager 259,contact@starterprospect259.com,,Research,Medium
Starter Prospect 260,starterprospect260.com,12,CEO - Manager 260,contact@starterprospect260.com,,Research,Medium
Starter Prospect 261,starterprospect261.com,13,CEO - Manager 261,contact@starterprospect261.com,,Research,Medium
Starter Prospect 262,starterprospect262.com,14,CEO - Manager 262,contact@starterprospect262.com,,Research,Medium
Starter Prospect 263,starterprospect263.com,15,CEO - Manager 263,contact@starterprospect263.com,,Research,Medium
Starter Prospect 264,starterprospect264.com,5,CEO - Manager 264,contact@starterprospect264.com,,Research,Medium
Starter Prospect 265,starterprospect265.com,6,CEO - Manager 265,contact@starterprospect265.com,,Research,Medium
Starter Prospect 266,starterprospect266.com,7,CEO - Manager 266,contact@starterprospect266.com,,Research,Medium
Starter Prospect 267,starterprospect267.com,8,CEO - Manager 267,contact@starterprospect267.com,,Research,Medium
Starter Prospect 268,starterprospect268.com,9,CEO - Manager 268,contact@starterprospect268.com,,Research,Medium
Starter Prospect 269,starterprospect269.com,10,CEO - Manager 269,contact@starterprospect269.com,,Research,Medium
Starter Prospect 270,starterprospect270.com,11,CEO - Manager 270,contact@starterprospect270.com,,Research,Medium
Starter Prospect 271,starterprospect271.com,12,CEO - Manager 271,contact@starterprospect271.com,,Research,Medium
Starter Prospect 272,starterprospect272.com,13,CEO - Manager 272,contact@starterprospect272.com,,Research,Medium
Starter Prospect 273,starterprospect273.com,14,CEO - Manager 273,contact@starterprospect273.com,,Research,Medium
Starter Prospect 274,starterprospect274.com,15,CEO - Manager 274,contact@starterprospect274.com,,Research,Medium
Starter Prospect 275,starterprospect275.com,5,CEO - Manager 275,contact@starterprospect275.com,,Research,Medium
Starter Prospect 276,starterprospect276.com,6,CEO - Manager 276,contact@starterprospect276.com,,Research,Medium
Starter Prospect 277,starterprospect277.com,7,CEO - Manager 277,contact@starterprospect277.com,,Research,Medium
Starter Prospect 278,starterprospect278.com,8,CEO - Manager 278,contact@starterprospect278.com,,Research,Medium
Starter Prospect 279,starterprospect279.com,9,CEO - Manager 279,contact@starterprospect279.com,,Research,Medium
Starter Prospect 280,starterprospect280.com,10,CEO - Manager 280,contact@starterprospect280.com,,Research,Medium
Starter Prospect 281,starterprospect281.com,11,CEO - Manager 281,contact@starterprospect281.com,,Research,Medium
Starter Prospect 282,starterprospect282.com,12,CEO - Manager 282,contact@starterprospect282.com,,Research,Medium
Starter Prospect 283,starterprospect283.com,13,CEO - Manager 283,contact@starterprospect283.com,,Research,Medium
Starter Prospect 284,starterprospect284.com,14,CEO - Manager 284,contact@starterprospect284.com,,Research,Medium
Starter Prospect 285,starterprospect285.com,15,CEO - Manager 285,contact@starterprospect285.com,,Research,Medium
Starter Prospect 286,starterprospect286.com,5,CEO - Manager 286,contact@starterprospect286.com,,Research,Medium
Starter Prospect 287,starterprospect287.com,6,CEO - Manager 287,contact@starterprospect287.com,,Research,Medium
Starter Prospect 288,starterprospect288.com,7,CEO - Manager 288,contact@starterprospect288.com,,Research,Medium
Starter Prospect 289,starterprospect289.com,8,CEO - Manager 289,contact@starterprospect289.com,,Research,Medium
Starter Prospect 290,starterprospect290.com,9,CEO - Manager 290,contact@starterprospect290.com,,Research,Medium
Starter Prospect 291,starterprospect291.com,10,CEO - Manager 291,contact@starterprospect291.com,,Research,Medium
Starter Prospect 292,starterprospect292.com,11,CEO - Manager 292,contact@starterprospect292.com,,Research,Medium
Starter Prospect 293,starterprospect293.com,12,CEO - Manager 293,contact@starterprospect293.com,,Research,Medium
Starter Prospect 294,starterprospect294.com,13,CEO - Manager 294,contact@starterprospect294.com,,Research,Medium
Starter Prospect 295,starterprospect295.com,14,CEO - Manager 295,contact@starterprospect295.com,,Research,Medium
Starter Prospect 296,starterprospect296.com,15,CEO - Manager 296,contact@starterprospect296.com,,Research,Medium
Starter Prospect 297,starterprospect297.com,5,CEO - Manager 297,contact@starterprospect297.com,,Research,Medium
Starter Prospect 298,starterprospect298.com,6,CEO - Manager 298,contact@starterprospect298.com,,Research,Medium
Starter Prospect 299,starterprospect299.com,7,CEO - Manager 299,contact@starterprospect299.com,,Research,Medium
Starter Prospect 300,starterprospect300.com,8,CEO - Manager 300,contact@starterprospect300.com,,Research,Medium
Starter Prospect 301,starterprospect301.com,9,CEO - Manager 301,contact@starterprospect301.com,,Research,Medium
Starter Prospect 302,starterprospect302.com,10,CEO - Manager 302,contact@starterprospect302.com,,Research,Medium
Starter Prospect 303,starterprospect303.com,11,CEO - Manager 303,contact@starterprospect303.com,,Research,Medium
Starter Prospect 304,starterprospect304.com,12,CEO - Manager 304,contact@starterprospect304.com,,Research,Medium
Starter Prospect 305,starterprospect305.com,13,CEO - Manager 305,contact@starterprospect305.com,,Research,Medium
Starter Prospect 306,starterprospect306.com,14,CEO - Manager 306,contact@starterprospect306.com,,Research,Medium
Starter Prospect 307,starterprospect307.com,15,CEO - Manager 307,contact@starterprospect307.com,,Research,Medium
Starter Prospect 308,starterprospect308.com,5,CEO - Manager 308,contact@starterprospect308.com,,Research,Medium
Starter Prospect 309,starterprospect309.com,6,CEO - Manager 309,contact@starterprospect309.com,,Research,Medium
Starter Prospect 310,starterprospect310.com,7,CEO - Manager 310,contact@starterprospect310.com,,Research,Medium
Starter Prospect 311,starterprospect311.com,8,CEO - Manager 311,contact@starterprospect311.com,,Research,Medium
Starter Prospect 312,starterprospect312.com,9,CEO - Manager 312,contact@starterprospect312.com,,Research,Medium
Starter Prospect 313,starterprospect313.com,10,CEO - Manager 313,contact@starterprospect313.com,,Research,Medium
Starter Prospect 314,starterprospect314.com,11,CEO - Manager 314,contact@starterprospect314.com,,Research,Medium
Starter Prospect 315,starterprospect315.com,12,CEO - Manager 315,contact@starterprospect315.com,,Research,Medium
Starter Prospect 316,starterprospect316.com,13,CEO - Manager 316,contact@starterprospect316.com,,Research,Medium
Starter Prospect 317,starterprospect317.com,14,CEO - Manager 317,contact@starterprospect317.com,,Research,Medium
Starter Prospect 318,starterprospect318.com,15,CEO - Manager 318,contact@starterprospect318.com,,Research,Medium
Starter Prospect 319,starterprospect319.com,5,CEO - Manager 319,contact@starterprospect319.com,,Research,Medium
Starter Prospect 320,starterprospect320.com,6,CEO - Manager 320,contact@starterprospect320.com,,Research,Medium
Starter Prospect 321,starterprospect321.com,7,CEO - Manager 321,contact@starterprospect321.com,,Research,Medium
Starter Prospect 322,starterprospect322.com,8,CEO - Manager 322,contact@starterprospect322.com,,Research,Medium
Starter Prospect 323,starterprospect323.com,9,CEO - Manager 323,contact@starterprospect323.com,,Research,Medium
Starter Prospect 324,starterprospect324.com,10,CEO - Manager 324,contact@starterprospect324.com,,Research,Medium
Starter Prospect 325,starterprospect325.com,11,CEO - Manager 325,contact@starterprospect325.com,,Research,Medium
Starter Prospect 326,starterprospect326.com,12,CEO - Manager 326,contact@starterprospect326.com,,Research,Medium
Starter Prospect 327,starterprospect327.com,13,CEO - Manager 327,contact@starterprospect327.com,,Research,Medium
Starter Prospect 328,starterprospect328.com,14,CEO - Manager 328,contact@starterprospect328.com,,Research,Medium
Starter Prospect 329,starterprospect329.com,15,CEO - Manager 329,contact@starterprospect329.com,,Research,Medium
Starter Prospect 330,starterprospect330.com,5,CEO - Manager 330,contact@starterprospect330.com,,Research,Medium
Starter Prospect 331,starterprospect331.com,6,CEO - Manager 331,contact@starterprospect331.com,,Research,Medium
Starter Prospect 332,starterprospect332.com,7,CEO - Manager 332,contact@starterprospect332.com,,Research,Medium
Starter Prospect 333,starterprospect333.com,8,CEO - Manager 333,contact@starterprospect333.com,,Research,Medium
Starter Prospect 334,starterprospect334.com,9,CEO - Manager 334,contact@starterprospect334.com,,Research,Medium
Starter Prospect 335,starterprospect335.com,10,CEO - Manager 335,contact@starterprospect335.com,,Research,Medium
Starter Prospect 336,starterprospect336.com,11,CEO - Manager 336,contact@starterprospect336.com,,Research,Medium
Starter Prospect 337,starterprospect337.com,12,CEO - Manager 337,contact@starterprospect337.com,,Research,Medium
Starter Prospect 338,starterprospect338.com,13,CEO - Manager 338,contact@starterprospect338.com,,Research,Medium
Starter Prospect 339,starterprospect339.com,14,CEO - Manager 339,contact@starterprospect339.com,,Research,Medium
Starter Prospect 340,starterprospect340.com,15,CEO - Manager 340,contact@starterprospect340.com,,Research,Medium
Starter Prospect 341,starterprospect341.com,5,CEO - Manager 341,contact@starterprospect341.com,,Research,Medium
Starter Prospect 342,starterprospect342.com,6,CEO - Manager 342,contact@starterprospect342.com,,Research,Medium
Starter Prospect 343,starterprospect343.com,7,CEO - Manager 343,contact@starterprospect343.com,,Research,Medium
Starter Prospect 344,starterprospect344.com,8,CEO - Manager 344,contact@starterprospect344.com,,Research,Medium
Starter Prospect 345,starterprospect345.com,9,CEO - Manager 345,contact@starterprospect345.com,,Research,Medium
Starter Prospect 346,starterprospect346.com,10,CEO - Manager 346,contact@starterprospect346.com,,Research,Medium
Starter Prospect 347,starterprospect347.com,11,CEO - Manager 347,contact@starterprospect347.com,,Research,Medium
Starter Prospect 348,starterprospect348.com,12,CEO - Manager 348,contact@starterprospect348.com,,Research,Medium
Starter Prospect 349,starterprospect349.com,13,CEO - Manager 349,contact@starterprospect349.com,,Research,Medium
Starter Prospect 350,starterprospect350.com,14,CEO - Manager 350,contact@starterprospect350.com,,Research,Medium
Starter Prospect 351,starterprospect351.com,15,CEO - Manager 351,contact@starterprospect351.com,,Research,Medium
Starter Prospect 352,starterprospect352.com,5,CEO - Manager 352,contact@starterprospect352.com,,Research,Medium
Starter Prospect 353,starterprospect353.com,6,CEO - Manager 353,contact@starterprospect353.com,,Research,Medium
Starter Prospect 354,starterprospect354.com,7,CEO - Manager 354,contact@starterprospect354.com,,Research,Medium
Starter Prospect 355,starterprospect355.com,8,CEO - Manager 355,contact@starterprospect355.com,,Research,Medium
Starter Prospect 356,starterprospect356.com,9,CEO - Manager 356,contact@starterprospect356.com,,Research,Medium
Starter Prospect 357,starterprospect357.com,10,CEO - Manager 357,contact@starterprospect357.com,,Research,Medium
Starter Prospect 358,starterprospect358.com,11,CEO - Manager 358,contact@starterprospect358.com,,Research,Medium
Starter Prospect 359,starterprospect359.com,12,CEO - Manager 359,contact@starterprospect359.com,,Research,Medium
Starter Prospect 360,starterprospect360.com,13,CEO - Manager 360,contact@starterprospect360.com,,Research,Medium
Starter Prospect 361,starterprospect361.com,14,CEO - Manager 361,contact@starterprospect361.com,,Research,Medium
Starter Prospect 362,starterprospect362.com,15,CEO - Manager 362,contact@starterprospect362.com,,Research,Medium
Starter Prospect 363,starterprospect363.com,5,CEO - Manager 363,contact@starterprospect363.com,,Research,Medium
Starter Prospect 364,starterprospect364.com,6,CEO - Manager 364,contact@starterprospect364.com,,Research,Medium
Starter Prospect 365,starterprospect365.com,7,CEO - Manager 365,contact@starterprospect365.com,,Research,Medium
Starter Prospect 366,starterprospect366.com,8,CEO - Manager 366,contact@starterprospect366.com,,Research,Medium
Starter Prospect 367,starterprospect367.com,9,CEO - Manager 367,contact@starterprospect367.com,,Research,Medium
Starter Prospect 368,starterprospect368.com,10,CEO - Manager 368,contact@starterprospect368.com,,Research,Medium
Starter Prospect 369,starterprospect369.com,11,CEO - Manager 369,contact@starterprospect369.com,,Research,Medium
Starter Prospect 370,starterprospect370.com,12,CEO - Manager 370,contact@starterprospect370.com,,Research,Medium
Starter Prospect 371,starterprospect371.com,13,CEO - Manager 371,contact@starterprospect371.com,,Research,Medium
Starter Prospect 372,starterprospect372.com,14,CEO - Manager 372,contact@starterprospect372.com,,Research,Medium
Starter Prospect 373,starterprospect373.com,15,CEO - Manager 373,contact@starterprospect373.com,,Research,Medium
Starter Prospect 374,starterprospect374.com,5,CEO - Manager 374,contact@starterprospect374.com,,Research,Medium
Starter Prospect 375,starterprospect375.com,6,CEO - Manager 375,contact@starterprospect375.com,,Research,Medium
Starter Prospect 376,starterprospect376.com,7,CEO - Manager 376,contact@starterprospect376.com,,Research,Medium
Starter Prospect 377,starterprospect377.com,8,CEO - Manager 377,contact@starterprospect377.com,,Research,Medium
Starter Prospect 378,starterprospect378.com,9,CEO - Manager 378,contact@starterprospect378.com,,Research,Medium
Starter Prospect 379,starterprospect379.com,10,CEO - Manager 379,contact@starterprospect379.com,,Research,Medium
Starter Prospect 380,starterprospect380.com,11,CEO - Manager 380,contact@starterprospect380.com,,Research,Medium
Starter Prospect 381,starterprospect381.com,12,CEO - Manager 381,contact@starterprospect381.com,,Research,Medium
Starter Prospect 382,starterprospect382.com,13,CEO - Manager 382,contact@starterprospect382.com,,Research,Medium
Starter Prospect 383,starterprospect383.com,14,CEO - Manager 383,contact@starterprospect383.com,,Research,Medium
Starter Prospect 384,starterprospect384.com,15,CEO - Manager 384,contact@starterprospect384.com,,Research,Medium
Starter Prospect 385,starterprospect385.com,5,CEO - Manager 385,contact@starterprospect385.com,,Research,Medium
Starter Prospect 386,starterprospect386.com,6,CEO - Manager 386,contact@starterprospect386.com,,Research,Medium
Starter Prospect 387,starterprospect387.com,7,CEO - Manager 387,contact@starterprospect387.com,,Research,Medium
Starter Prospect 388,starterprospect388.com,8,CEO - Manager 388,contact@starterprospect388.com,,Research,Medium
Starter Prospect 389,starterprospect389.com,9,CEO - Manager 389,contact@starterprospect389.com,,Research,Medium
Starter Prospect 390,starterprospect390.com,10,CEO - Manager 390,contact@starterprospect390.com,,Research,Medium
Starter Prospect 391,starterprospect391.com,11,CEO - Manager 391,contact@starterprospect391.com,,Research,Medium
Starter Prospect 392,starterprospect392.com,12,CEO - Manager 392,contact@starterprospect392.com,,Research,Medium
Starter Prospect 393,starterprospect393.com,13,CEO - Manager 393,contact@starterprospect393.com,,Research,Medium
Starter Prospect 394,starterprospect394.com,14,CEO - Manager 394,contact@starterprospect394.com,,Research,Medium
Starter Prospect 395,starterprospect395.com,15,CEO - Manager 395,contact@starterprospect395.com,,Research,Medium
Starter Prospect 396,starterprospect396.com,5,CEO - Manager 396,contact@starterprospect396.com,,Research,Medium
Starter Prospect 397,starterprospect397.com,6,CEO - Manager 397,contact@starterprospect397.com,,Research,Medium
Starter Prospect 398,starterprospect398.com,7,CEO - Manager 398,contact@starterprospect398.com,,Research,Medium
Starter Prospect 399,starterprospect399.com,8,CEO - Manager 399,contact@starterprospect399.com,,Research,Medium
Starter Prospect 400,starterprospect400.com,9,CEO - Manager 400,contact@starterprospect400.com,,Research,Medium
Starter Prospect 401,starterprospect401.com,10,CEO - Manager 401,contact@starterprospect401.com,,Research,Medium
